Rk,Team,Date
1,ARS,2025-08-26
2,TOT,2025-08-26
3,LIV,2025-08-26
4,CHE,2025-08-26
5,NFO,2025-08-26
6,MNC,2025-08-26
7,SUN,2025-08-26
8,EVE,2025-08-26
9,BOU,2025-08-26
10,BRE,2025-08-26
11,BUR,2025-08-26
12,LEE,2025-08-26
13,FUL,2025-08-26
14,CRY,2025-08-26
15,NEW,2025-08-26
16,MAN,2025-08-26
17,AVL,2025-08-26
18,BHA,2025-08-26
19,WOL,2025-08-26
20,WHU,2025-08-26
1,ARS,2025-08-27
2,TOT,2025-08-27
3,LIV,2025-08-27
4,CHE,2025-08-27
5,NFO,2025-08-27
6,MNC,2025-08-27
7,SUN,2025-08-27
8,EVE,2025-08-27
9,BOU,2025-08-27
10,BRE,2025-08-27
11,BUR,2025-08-27
12,LEE,2025-08-27
13,FUL,2025-08-27
14,CRY,2025-08-27
15,NEW,2025-08-27
16,MAN,2025-08-27
17,AVL,2025-08-27
18,BHA,2025-08-27
19,WOL,2025-08-27
20,WHU,2025-08-27
1,ARS,2025-08-28
2,TOT,2025-08-28
3,LIV,2025-08-28
4,CHE,2025-08-28
5,NFO,2025-08-28
6,MNC,2025-08-28
7,SUN,2025-08-28
8,EVE,2025-08-28
9,BOU,2025-08-28
10,BRE,2025-08-28
11,BUR,2025-08-28
12,LEE,2025-08-28
13,FUL,2025-08-28
14,CRY,2025-08-28
15,NEW,2025-08-28
16,MAN,2025-08-28
17,AVL,2025-08-28
18,BHA,2025-08-28
19,WOL,2025-08-28
20,WHU,2025-08-28
1,ARS,2025-08-29
2,TOT,2025-08-29
3,LIV,2025-08-29
4,CHE,2025-08-29
5,NFO,2025-08-29
6,MNC,2025-08-29
7,SUN,2025-08-29
8,EVE,2025-08-29
9,BOU,2025-08-29
10,BRE,2025-08-29
11,BUR,2025-08-29
12,LEE,2025-08-29
13,FUL,2025-08-29
14,CRY,2025-08-29
15,NEW,2025-08-29
16,MAN,2025-08-29
17,AVL,2025-08-29
18,BHA,2025-08-29
19,WOL,2025-08-29
20,WHU,2025-08-29
1,ARS,2025-08-30
2,TOT,2025-08-30
3,LIV,2025-08-30
4,CHE,2025-08-30
5,NFO,2025-08-30
6,MNC,2025-08-30
7,SUN,2025-08-30
8,EVE,2025-08-30
9,BOU,2025-08-30
10,BRE,2025-08-30
11,BUR,2025-08-30
12,LEE,2025-08-30
13,FUL,2025-08-30
14,CRY,2025-08-30
15,NEW,2025-08-30
16,MAN,2025-08-30
17,AVL,2025-08-30
18,BHA,2025-08-30
19,WOL,2025-08-30
20,WHU,2025-08-30
1,CHE,2025-08-31
2,ARS,2025-08-31
3,TOT,2025-08-31
4,LIV,2025-08-31
5,EVE,2025-08-31
6,SUN,2025-08-31
7,BOU,2025-08-31
8,NFO,2025-08-31
9,MAN,2025-08-31
10,LEE,2025-08-31
11,MNC,2025-08-31
12,BUR,2025-08-31
13,BRE,2025-08-31
14,CRY,2025-08-31
15,NEW,2025-08-31
16,FUL,2025-08-31
17,AVL,2025-08-31
18,BHA,2025-08-31
19,WOL,2025-08-31
20,WHU,2025-08-31
1,LIV,2025-09-01
2,CHE,2025-09-01
3,ARS,2025-09-01
4,TOT,2025-09-01
5,EVE,2025-09-01
6,SUN,2025-09-01
7,BOU,2025-09-01
8,CRY,2025-09-01
9,MAN,2025-09-01
10,NFO,2025-09-01
11,BHA,2025-09-01
12,LEE,2025-09-01
13,MNC,2025-09-01
14,BUR,2025-09-01
15,BRE,2025-09-01
16,WHU,2025-09-01
17,NEW,2025-09-01
18,FUL,2025-09-01
19,AVL,2025-09-01
20,WOL,2025-09-01
1,LIV,2025-09-02
2,CHE,2025-09-02
3,ARS,2025-09-02
4,TOT,2025-09-02
5,EVE,2025-09-02
6,SUN,2025-09-02
7,BOU,2025-09-02
8,CRY,2025-09-02
9,MAN,2025-09-02
10,NFO,2025-09-02
11,BHA,2025-09-02
12,LEE,2025-09-02
13,MNC,2025-09-02
14,BUR,2025-09-02
15,BRE,2025-09-02
16,WHU,2025-09-02
17,NEW,2025-09-02
18,FUL,2025-09-02
19,AVL,2025-09-02
20,WOL,2025-09-02
1,LIV,2025-09-03
2,CHE,2025-09-03
3,ARS,2025-09-03
4,TOT,2025-09-03
5,EVE,2025-09-03
6,SUN,2025-09-03
7,BOU,2025-09-03
8,CRY,2025-09-03
9,MAN,2025-09-03
10,NFO,2025-09-03
11,BHA,2025-09-03
12,LEE,2025-09-03
13,MNC,2025-09-03
14,BUR,2025-09-03
15,BRE,2025-09-03
16,WHU,2025-09-03
17,NEW,2025-09-03
18,FUL,2025-09-03
19,AVL,2025-09-03
20,WOL,2025-09-03
1,LIV,2025-09-04
2,CHE,2025-09-04
3,ARS,2025-09-04
4,TOT,2025-09-04
5,EVE,2025-09-04
6,SUN,2025-09-04
7,BOU,2025-09-04
8,CRY,2025-09-04
9,MAN,2025-09-04
10,NFO,2025-09-04
11,BHA,2025-09-04
12,LEE,2025-09-04
13,MNC,2025-09-04
14,BUR,2025-09-04
15,BRE,2025-09-04
16,WHU,2025-09-04
17,NEW,2025-09-04
18,FUL,2025-09-04
19,AVL,2025-09-04
20,WOL,2025-09-04
1,LIV,2025-09-05
2,CHE,2025-09-05
3,ARS,2025-09-05
4,TOT,2025-09-05
5,EVE,2025-09-05
6,SUN,2025-09-05
7,BOU,2025-09-05
8,CRY,2025-09-05
9,MAN,2025-09-05
10,NFO,2025-09-05
11,BHA,2025-09-05
12,LEE,2025-09-05
13,MNC,2025-09-05
14,BUR,2025-09-05
15,BRE,2025-09-05
16,WHU,2025-09-05
17,NEW,2025-09-05
18,FUL,2025-09-05
19,AVL,2025-09-05
20,WOL,2025-09-05
1,LIV,2025-09-06
2,CHE,2025-09-06
3,ARS,2025-09-06
4,TOT,2025-09-06
5,EVE,2025-09-06
6,SUN,2025-09-06
7,BOU,2025-09-06
8,CRY,2025-09-06
9,MAN,2025-09-06
10,NFO,2025-09-06
11,BHA,2025-09-06
12,LEE,2025-09-06
13,MNC,2025-09-06
14,BUR,2025-09-06
15,BRE,2025-09-06
16,WHU,2025-09-06
17,NEW,2025-09-06
18,FUL,2025-09-06
19,AVL,2025-09-06
20,WOL,2025-09-06
1,LIV,2025-09-07
2,CHE,2025-09-07
3,ARS,2025-09-07
4,TOT,2025-09-07
5,EVE,2025-09-07
6,SUN,2025-09-07
7,BOU,2025-09-07
8,CRY,2025-09-07
9,MAN,2025-09-07
10,NFO,2025-09-07
11,BHA,2025-09-07
12,LEE,2025-09-07
13,MNC,2025-09-07
14,BUR,2025-09-07
15,BRE,2025-09-07
16,WHU,2025-09-07
17,NEW,2025-09-07
18,FUL,2025-09-07
19,AVL,2025-09-07
20,WOL,2025-09-07
1,LIV,2025-09-08
2,CHE,2025-09-08
3,ARS,2025-09-08
4,TOT,2025-09-08
5,EVE,2025-09-08
6,SUN,2025-09-08
7,BOU,2025-09-08
8,CRY,2025-09-08
9,MAN,2025-09-08
10,NFO,2025-09-08
11,BHA,2025-09-08
12,LEE,2025-09-08
13,MNC,2025-09-08
14,BUR,2025-09-08
15,BRE,2025-09-08
16,WHU,2025-09-08
17,NEW,2025-09-08
18,FUL,2025-09-08
19,AVL,2025-09-08
20,WOL,2025-09-08
1,LIV,2025-09-09
2,CHE,2025-09-09
3,ARS,2025-09-09
4,TOT,2025-09-09
5,EVE,2025-09-09
6,SUN,2025-09-09
7,BOU,2025-09-09
8,CRY,2025-09-09
9,MAN,2025-09-09
10,NFO,2025-09-09
11,BHA,2025-09-09
12,LEE,2025-09-09
13,MNC,2025-09-09
14,BUR,2025-09-09
15,BRE,2025-09-09
16,WHU,2025-09-09
17,NEW,2025-09-09
18,FUL,2025-09-09
19,AVL,2025-09-09
20,WOL,2025-09-09
1,LIV,2025-09-10
2,CHE,2025-09-10
3,ARS,2025-09-10
4,TOT,2025-09-10
5,EVE,2025-09-10
6,SUN,2025-09-10
7,BOU,2025-09-10
8,CRY,2025-09-10
9,MAN,2025-09-10
10,NFO,2025-09-10
11,BHA,2025-09-10
12,LEE,2025-09-10
13,MNC,2025-09-10
14,BUR,2025-09-10
15,BRE,2025-09-10
16,WHU,2025-09-10
17,NEW,2025-09-10
18,FUL,2025-09-10
19,AVL,2025-09-10
20,WOL,2025-09-10
1,LIV,2025-09-11
2,CHE,2025-09-11
3,ARS,2025-09-11
4,TOT,2025-09-11
5,EVE,2025-09-11
6,SUN,2025-09-11
7,BOU,2025-09-11
8,CRY,2025-09-11
9,MAN,2025-09-11
10,NFO,2025-09-11
11,BHA,2025-09-11
12,LEE,2025-09-11
13,MNC,2025-09-11
14,BUR,2025-09-11
15,BRE,2025-09-11
16,WHU,2025-09-11
17,NEW,2025-09-11
18,FUL,2025-09-11
19,AVL,2025-09-11
20,WOL,2025-09-11
1,LIV,2025-09-12
2,CHE,2025-09-12
3,ARS,2025-09-12
4,TOT,2025-09-12
5,EVE,2025-09-12
6,SUN,2025-09-12
7,BOU,2025-09-12
8,CRY,2025-09-12
9,MAN,2025-09-12
10,NFO,2025-09-12
11,BHA,2025-09-12
12,LEE,2025-09-12
13,MNC,2025-09-12
14,BUR,2025-09-12
15,BRE,2025-09-12
16,WHU,2025-09-12
17,NEW,2025-09-12
18,FUL,2025-09-12
19,AVL,2025-09-12
20,WOL,2025-09-12
1,LIV,2025-09-13
2,CHE,2025-09-13
3,ARS,2025-09-13
4,TOT,2025-09-13
5,EVE,2025-09-13
6,SUN,2025-09-13
7,BOU,2025-09-13
8,CRY,2025-09-13
9,MAN,2025-09-13
10,NFO,2025-09-13
11,BHA,2025-09-13
12,LEE,2025-09-13
13,MNC,2025-09-13
14,BUR,2025-09-13
15,BRE,2025-09-13
16,WHU,2025-09-13
17,NEW,2025-09-13
18,FUL,2025-09-13
19,AVL,2025-09-13
20,WOL,2025-09-13
1,ARS,2025-09-14
2,TOT,2025-09-14
3,LIV,2025-09-14
4,BOU,2025-09-14
5,CHE,2025-09-14
6,EVE,2025-09-14
7,SUN,2025-09-14
8,CRY,2025-09-14
9,NEW,2025-09-14
10,FUL,2025-09-14
11,MAN,2025-09-14
12,BRE,2025-09-14
13,BHA,2025-09-14
14,NFO,2025-09-14
15,LEE,2025-09-14
16,MNC,2025-09-14
17,BUR,2025-09-14
18,WHU,2025-09-14
19,AVL,2025-09-14
20,WOL,2025-09-14
1,LIV,2025-09-15
2,ARS,2025-09-15
3,TOT,2025-09-15
4,BOU,2025-09-15
5,CHE,2025-09-15
6,EVE,2025-09-15
7,SUN,2025-09-15
8,MNC,2025-09-15
9,CRY,2025-09-15
10,NEW,2025-09-15
11,FUL,2025-09-15
12,BRE,2025-09-15
13,BHA,2025-09-15
14,MAN,2025-09-15
15,NFO,2025-09-15
16,LEE,2025-09-15
17,BUR,2025-09-15
18,WHU,2025-09-15
19,AVL,2025-09-15
20,WOL,2025-09-15
1,LIV,2025-09-16
2,ARS,2025-09-16
3,TOT,2025-09-16
4,BOU,2025-09-16
5,CHE,2025-09-16
6,EVE,2025-09-16
7,SUN,2025-09-16
8,MNC,2025-09-16
9,CRY,2025-09-16
10,NEW,2025-09-16
11,FUL,2025-09-16
12,BRE,2025-09-16
13,BHA,2025-09-16
14,MAN,2025-09-16
15,NFO,2025-09-16
16,LEE,2025-09-16
17,BUR,2025-09-16
18,WHU,2025-09-16
19,AVL,2025-09-16
20,WOL,2025-09-16
1,LIV,2025-09-17
2,ARS,2025-09-17
3,TOT,2025-09-17
4,BOU,2025-09-17
5,CHE,2025-09-17
6,EVE,2025-09-17
7,SUN,2025-09-17
8,MNC,2025-09-17
9,CRY,2025-09-17
10,NEW,2025-09-17
11,FUL,2025-09-17
12,BRE,2025-09-17
13,BHA,2025-09-17
14,MAN,2025-09-17
15,NFO,2025-09-17
16,LEE,2025-09-17
17,BUR,2025-09-17
18,WHU,2025-09-17
19,AVL,2025-09-17
20,WOL,2025-09-17
1,LIV,2025-09-18
2,ARS,2025-09-18
3,TOT,2025-09-18
4,BOU,2025-09-18
5,CHE,2025-09-18
6,EVE,2025-09-18
7,SUN,2025-09-18
8,MNC,2025-09-18
9,CRY,2025-09-18
10,NEW,2025-09-18
11,FUL,2025-09-18
12,BRE,2025-09-18
13,BHA,2025-09-18
14,MAN,2025-09-18
15,NFO,2025-09-18
16,LEE,2025-09-18
17,BUR,2025-09-18
18,WHU,2025-09-18
19,AVL,2025-09-18
20,WOL,2025-09-18
1,LIV,2025-09-19
2,ARS,2025-09-19
3,TOT,2025-09-19
4,BOU,2025-09-19
5,CHE,2025-09-19
6,EVE,2025-09-19
7,SUN,2025-09-19
8,MNC,2025-09-19
9,CRY,2025-09-19
10,NEW,2025-09-19
11,FUL,2025-09-19
12,BRE,2025-09-19
13,BHA,2025-09-19
14,MAN,2025-09-19
15,NFO,2025-09-19
16,LEE,2025-09-19
17,BUR,2025-09-19
18,WHU,2025-09-19
19,AVL,2025-09-19
20,WOL,2025-09-19
1,LIV,2025-09-20
2,ARS,2025-09-20
3,TOT,2025-09-20
4,BOU,2025-09-20
5,CHE,2025-09-20
6,EVE,2025-09-20
7,SUN,2025-09-20
8,MNC,2025-09-20
9,CRY,2025-09-20
10,NEW,2025-09-20
11,FUL,2025-09-20
12,BRE,2025-09-20
13,BHA,2025-09-20
14,MAN,2025-09-20
15,NFO,2025-09-20
16,LEE,2025-09-20
17,BUR,2025-09-20
18,WHU,2025-09-20
19,AVL,2025-09-20
20,WOL,2025-09-20
1,LIV,2025-09-21
2,TOT,2025-09-21
3,ARS,2025-09-21
4,CRY,2025-09-21
5,BOU,2025-09-21
6,CHE,2025-09-21
7,FUL,2025-09-21
8,SUN,2025-09-21
9,EVE,2025-09-21
10,MAN,2025-09-21
11,LEE,2025-09-21
12,MNC,2025-09-21
13,NEW,2025-09-21
14,BHA,2025-09-21
15,NFO,2025-09-21
16,BUR,2025-09-21
17,BRE,2025-09-21
18,WHU,2025-09-21
19,AVL,2025-09-21
20,WOL,2025-09-21
1,LIV,2025-09-22
2,ARS,2025-09-22
3,TOT,2025-09-22
4,BOU,2025-09-22
5,CRY,2025-09-22
6,CHE,2025-09-22
7,SUN,2025-09-22
8,FUL,2025-09-22
9,MNC,2025-09-22
10,EVE,2025-09-22
11,MAN,2025-09-22
12,LEE,2025-09-22
13,NEW,2025-09-22
14,BHA,2025-09-22
15,NFO,2025-09-22
16,BUR,2025-09-22
17,BRE,2025-09-22
18,AVL,2025-09-22
19,WHU,2025-09-22
20,WOL,2025-09-22
1,LIV,2025-09-23
2,ARS,2025-09-23
3,TOT,2025-09-23
4,BOU,2025-09-23
5,CRY,2025-09-23
6,CHE,2025-09-23
7,SUN,2025-09-23
8,FUL,2025-09-23
9,MNC,2025-09-23
10,EVE,2025-09-23
11,MAN,2025-09-23
12,LEE,2025-09-23
13,NEW,2025-09-23
14,BHA,2025-09-23
15,NFO,2025-09-23
16,BUR,2025-09-23
17,BRE,2025-09-23
18,AVL,2025-09-23
19,WHU,2025-09-23
20,WOL,2025-09-23
1,LIV,2025-09-24
2,ARS,2025-09-24
3,TOT,2025-09-24
4,BOU,2025-09-24
5,CRY,2025-09-24
6,CHE,2025-09-24
7,SUN,2025-09-24
8,FUL,2025-09-24
9,MNC,2025-09-24
10,EVE,2025-09-24
11,MAN,2025-09-24
12,LEE,2025-09-24
13,NEW,2025-09-24
14,BHA,2025-09-24
15,NFO,2025-09-24
16,BUR,2025-09-24
17,BRE,2025-09-24
18,AVL,2025-09-24
19,WHU,2025-09-24
20,WOL,2025-09-24
1,LIV,2025-09-25
2,ARS,2025-09-25
3,TOT,2025-09-25
4,BOU,2025-09-25
5,CRY,2025-09-25
6,CHE,2025-09-25
7,SUN,2025-09-25
8,FUL,2025-09-25
9,MNC,2025-09-25
10,EVE,2025-09-25
11,MAN,2025-09-25
12,LEE,2025-09-25
13,NEW,2025-09-25
14,BHA,2025-09-25
15,NFO,2025-09-25
16,BUR,2025-09-25
17,BRE,2025-09-25
18,AVL,2025-09-25
19,WHU,2025-09-25
20,WOL,2025-09-25
1,LIV,2025-09-26
2,ARS,2025-09-26
3,TOT,2025-09-26
4,BOU,2025-09-26
5,CRY,2025-09-26
6,CHE,2025-09-26
7,SUN,2025-09-26
8,FUL,2025-09-26
9,MNC,2025-09-26
10,EVE,2025-09-26
11,MAN,2025-09-26
12,LEE,2025-09-26
13,NEW,2025-09-26
14,BHA,2025-09-26
15,NFO,2025-09-26
16,BUR,2025-09-26
17,BRE,2025-09-26
18,AVL,2025-09-26
19,WHU,2025-09-26
20,WOL,2025-09-26
1,LIV,2025-09-27
2,ARS,2025-09-27
3,TOT,2025-09-27
4,BOU,2025-09-27
5,CRY,2025-09-27
6,CHE,2025-09-27
7,SUN,2025-09-27
8,FUL,2025-09-27
9,MNC,2025-09-27
10,EVE,2025-09-27
11,MAN,2025-09-27
12,LEE,2025-09-27
13,NEW,2025-09-27
14,BHA,2025-09-27
15,NFO,2025-09-27
16,BUR,2025-09-27
17,BRE,2025-09-27
18,AVL,2025-09-27
19,WHU,2025-09-27
20,WOL,2025-09-27
1,LIV,2025-09-28
2,CRY,2025-09-28
3,TOT,2025-09-28
4,SUN,2025-09-28
5,BOU,2025-09-28
6,MNC,2025-09-28
7,ARS,2025-09-28
8,CHE,2025-09-28
9,FUL,2025-09-28
10,BHA,2025-09-28
11,LEE,2025-09-28
12,EVE,2025-09-28
13,BRE,2025-09-28
14,MAN,2025-09-28
15,NEW,2025-09-28
16,NFO,2025-09-28
17,BUR,2025-09-28
18,AVL,2025-09-28
19,WHU,2025-09-28
20,WOL,2025-09-28
1,LIV,2025-09-29
2,ARS,2025-09-29
3,CRY,2025-09-29
4,TOT,2025-09-29
5,SUN,2025-09-29
6,BOU,2025-09-29
7,MNC,2025-09-29
8,CHE,2025-09-29
9,BHA,2025-09-29
10,FUL,2025-09-29
11,LEE,2025-09-29
12,EVE,2025-09-29
13,BRE,2025-09-29
14,MAN,2025-09-29
15,NEW,2025-09-29
16,AVL,2025-09-29
17,NFO,2025-09-29
18,BUR,2025-09-29
19,WHU,2025-09-29
20,WOL,2025-09-29
1,LIV,2025-09-30
2,ARS,2025-09-30
3,CRY,2025-09-30
4,TOT,2025-09-30
5,SUN,2025-09-30
6,BOU,2025-09-30
7,MNC,2025-09-30
8,CHE,2025-09-30
9,EVE,2025-09-30
10,BHA,2025-09-30
11,FUL,2025-09-30
12,LEE,2025-09-30
13,BRE,2025-09-30
14,MAN,2025-09-30
15,NEW,2025-09-30
16,AVL,2025-09-30
17,NFO,2025-09-30
18,BUR,2025-09-30
19,WHU,2025-09-30
20,WOL,2025-09-30
1,LIV,2025-10-01
2,ARS,2025-10-01
3,CRY,2025-10-01
4,TOT,2025-10-01
5,SUN,2025-10-01
6,BOU,2025-10-01
7,MNC,2025-10-01
8,CHE,2025-10-01
9,EVE,2025-10-01
10,BHA,2025-10-01
11,FUL,2025-10-01
12,LEE,2025-10-01
13,BRE,2025-10-01
14,MAN,2025-10-01
15,NEW,2025-10-01
16,AVL,2025-10-01
17,NFO,2025-10-01
18,BUR,2025-10-01
19,WHU,2025-10-01
20,WOL,2025-10-01
1,LIV,2025-10-02
2,ARS,2025-10-02
3,CRY,2025-10-02
4,TOT,2025-10-02
5,SUN,2025-10-02
6,BOU,2025-10-02
7,MNC,2025-10-02
8,CHE,2025-10-02
9,EVE,2025-10-02
10,BHA,2025-10-02
11,FUL,2025-10-02
12,LEE,2025-10-02
13,BRE,2025-10-02
14,MAN,2025-10-02
15,NEW,2025-10-02
16,AVL,2025-10-02
17,NFO,2025-10-02
18,BUR,2025-10-02
19,WHU,2025-10-02
20,WOL,2025-10-02
1,LIV,2025-10-03
2,ARS,2025-10-03
3,CRY,2025-10-03
4,TOT,2025-10-03
5,SUN,2025-10-03
6,BOU,2025-10-03
7,MNC,2025-10-03
8,CHE,2025-10-03
9,EVE,2025-10-03
10,BHA,2025-10-03
11,FUL,2025-10-03
12,LEE,2025-10-03
13,BRE,2025-10-03
14,MAN,2025-10-03
15,NEW,2025-10-03
16,AVL,2025-10-03
17,NFO,2025-10-03
18,BUR,2025-10-03
19,WHU,2025-10-03
20,WOL,2025-10-03
1,LIV,2025-10-04
2,BOU,2025-10-04
3,ARS,2025-10-04
4,CRY,2025-10-04
5,TOT,2025-10-04
6,SUN,2025-10-04
7,MNC,2025-10-04
8,CHE,2025-10-04
9,EVE,2025-10-04
10,BHA,2025-10-04
11,FUL,2025-10-04
12,LEE,2025-10-04
13,BRE,2025-10-04
14,MAN,2025-10-04
15,NEW,2025-10-04
16,AVL,2025-10-04
17,NFO,2025-10-04
18,BUR,2025-10-04
19,WHU,2025-10-04
20,WOL,2025-10-04
1,ARS,2025-10-05
2,LIV,2025-10-05
3,TOT,2025-10-05
4,BOU,2025-10-05
5,CRY,2025-10-05
6,CHE,2025-10-05
7,SUN,2025-10-05
8,MNC,2025-10-05
9,MAN,2025-10-05
10,EVE,2025-10-05
11,BHA,2025-10-05
12,FUL,2025-10-05
13,LEE,2025-10-05
14,BRE,2025-10-05
15,NEW,2025-10-05
16,AVL,2025-10-05
17,NFO,2025-10-05
18,BUR,2025-10-05
19,WHU,2025-10-05
20,WOL,2025-10-05
1,ARS,2025-10-06
2,LIV,2025-10-06
3,TOT,2025-10-06
4,BOU,2025-10-06
5,MNC,2025-10-06
6,CRY,2025-10-06
7,CHE,2025-10-06
8,EVE,2025-10-06
9,SUN,2025-10-06
10,MAN,2025-10-06
11,NEW,2025-10-06
12,BHA,2025-10-06
13,AVL,2025-10-06
14,FUL,2025-10-06
15,LEE,2025-10-06
16,BRE,2025-10-06
17,NFO,2025-10-06
18,BUR,2025-10-06
19,WHU,2025-10-06
20,WOL,2025-10-06
1,ARS,2025-10-07
2,LIV,2025-10-07
3,TOT,2025-10-07
4,BOU,2025-10-07
5,MNC,2025-10-07
6,CRY,2025-10-07
7,CHE,2025-10-07
8,EVE,2025-10-07
9,SUN,2025-10-07
10,MAN,2025-10-07
11,NEW,2025-10-07
12,BHA,2025-10-07
13,AVL,2025-10-07
14,FUL,2025-10-07
15,LEE,2025-10-07
16,BRE,2025-10-07
17,NFO,2025-10-07
18,BUR,2025-10-07
19,WHU,2025-10-07
20,WOL,2025-10-07
1,ARS,2025-10-08
2,LIV,2025-10-08
3,TOT,2025-10-08
4,BOU,2025-10-08
5,MNC,2025-10-08
6,CRY,2025-10-08
7,CHE,2025-10-08
8,EVE,2025-10-08
9,SUN,2025-10-08
10,MAN,2025-10-08
11,NEW,2025-10-08
12,BHA,2025-10-08
13,AVL,2025-10-08
14,FUL,2025-10-08
15,LEE,2025-10-08
16,BRE,2025-10-08
17,NFO,2025-10-08
18,BUR,2025-10-08
19,WHU,2025-10-08
20,WOL,2025-10-08
1,ARS,2025-10-09
2,LIV,2025-10-09
3,TOT,2025-10-09
4,BOU,2025-10-09
5,MNC,2025-10-09
6,CRY,2025-10-09
7,CHE,2025-10-09
8,EVE,2025-10-09
9,SUN,2025-10-09
10,MAN,2025-10-09
11,NEW,2025-10-09
12,BHA,2025-10-09
13,AVL,2025-10-09
14,FUL,2025-10-09
15,LEE,2025-10-09
16,BRE,2025-10-09
17,NFO,2025-10-09
18,BUR,2025-10-09
19,WHU,2025-10-09
20,WOL,2025-10-09
1,ARS,2025-10-10
2,LIV,2025-10-10
3,TOT,2025-10-10
4,BOU,2025-10-10
5,MNC,2025-10-10
6,CRY,2025-10-10
7,CHE,2025-10-10
8,EVE,2025-10-10
9,SUN,2025-10-10
10,MAN,2025-10-10
11,NEW,2025-10-10
12,BHA,2025-10-10
13,AVL,2025-10-10
14,FUL,2025-10-10
15,LEE,2025-10-10
16,BRE,2025-10-10
17,NFO,2025-10-10
18,BUR,2025-10-10
19,WHU,2025-10-10
20,WOL,2025-10-10
1,ARS,2025-10-11
2,LIV,2025-10-11
3,TOT,2025-10-11
4,BOU,2025-10-11
5,MNC,2025-10-11
6,CRY,2025-10-11
7,CHE,2025-10-11
8,EVE,2025-10-11
9,SUN,2025-10-11
10,MAN,2025-10-11
11,NEW,2025-10-11
12,BHA,2025-10-11
13,AVL,2025-10-11
14,FUL,2025-10-11
15,LEE,2025-10-11
16,BRE,2025-10-11
17,NFO,2025-10-11
18,BUR,2025-10-11
19,WHU,2025-10-11
20,WOL,2025-10-11
1,ARS,2025-10-12
2,LIV,2025-10-12
3,TOT,2025-10-12
4,BOU,2025-10-12
5,MNC,2025-10-12
6,CRY,2025-10-12
7,CHE,2025-10-12
8,EVE,2025-10-12
9,SUN,2025-10-12
10,MAN,2025-10-12
11,NEW,2025-10-12
12,BHA,2025-10-12
13,AVL,2025-10-12
14,FUL,2025-10-12
15,LEE,2025-10-12
16,BRE,2025-10-12
17,NFO,2025-10-12
18,BUR,2025-10-12
19,WHU,2025-10-12
20,WOL,2025-10-12
1,ARS,2025-10-13
2,LIV,2025-10-13
3,TOT,2025-10-13
4,BOU,2025-10-13
5,MNC,2025-10-13
6,CRY,2025-10-13
7,CHE,2025-10-13
8,EVE,2025-10-13
9,SUN,2025-10-13
10,MAN,2025-10-13
11,NEW,2025-10-13
12,BHA,2025-10-13
13,AVL,2025-10-13
14,FUL,2025-10-13
15,LEE,2025-10-13
16,BRE,2025-10-13
17,NFO,2025-10-13
18,BUR,2025-10-13
19,WHU,2025-10-13
20,WOL,2025-10-13
1,ARS,2025-10-14
2,LIV,2025-10-14
3,TOT,2025-10-14
4,BOU,2025-10-14
5,MNC,2025-10-14
6,CRY,2025-10-14
7,CHE,2025-10-14
8,EVE,2025-10-14
9,SUN,2025-10-14
10,MAN,2025-10-14
11,NEW,2025-10-14
12,BHA,2025-10-14
13,AVL,2025-10-14
14,FUL,2025-10-14
15,LEE,2025-10-14
16,BRE,2025-10-14
17,NFO,2025-10-14
18,BUR,2025-10-14
19,WHU,2025-10-14
20,WOL,2025-10-14
1,ARS,2025-10-15
2,LIV,2025-10-15
3,TOT,2025-10-15
4,BOU,2025-10-15
5,MNC,2025-10-15
6,CRY,2025-10-15
7,CHE,2025-10-15
8,EVE,2025-10-15
9,SUN,2025-10-15
10,MAN,2025-10-15
11,NEW,2025-10-15
12,BHA,2025-10-15
13,AVL,2025-10-15
14,FUL,2025-10-15
15,LEE,2025-10-15
16,BRE,2025-10-15
17,NFO,2025-10-15
18,BUR,2025-10-15
19,WHU,2025-10-15
20,WOL,2025-10-15
1,ARS,2025-10-16
2,LIV,2025-10-16
3,TOT,2025-10-16
4,BOU,2025-10-16
5,MNC,2025-10-16
6,CRY,2025-10-16
7,CHE,2025-10-16
8,EVE,2025-10-16
9,SUN,2025-10-16
10,MAN,2025-10-16
11,NEW,2025-10-16
12,BHA,2025-10-16
13,AVL,2025-10-16
14,FUL,2025-10-16
15,LEE,2025-10-16
16,BRE,2025-10-16
17,NFO,2025-10-16
18,BUR,2025-10-16
19,WHU,2025-10-16
20,WOL,2025-10-16
1,ARS,2025-10-17
2,LIV,2025-10-17
3,TOT,2025-10-17
4,BOU,2025-10-17
5,MNC,2025-10-17
6,CRY,2025-10-17
7,CHE,2025-10-17
8,EVE,2025-10-17
9,SUN,2025-10-17
10,MAN,2025-10-17
11,NEW,2025-10-17
12,BHA,2025-10-17
13,AVL,2025-10-17
14,FUL,2025-10-17
15,LEE,2025-10-17
16,BRE,2025-10-17
17,NFO,2025-10-17
18,BUR,2025-10-17
19,WHU,2025-10-17
20,WOL,2025-10-17
1,ARS,2025-10-18
2,LIV,2025-10-18
3,TOT,2025-10-18
4,BOU,2025-10-18
5,MNC,2025-10-18
6,CRY,2025-10-18
7,CHE,2025-10-18
8,EVE,2025-10-18
9,SUN,2025-10-18
10,MAN,2025-10-18
11,NEW,2025-10-18
12,BHA,2025-10-18
13,AVL,2025-10-18
14,FUL,2025-10-18
15,LEE,2025-10-18
16,BRE,2025-10-18
17,NFO,2025-10-18
18,BUR,2025-10-18
19,WHU,2025-10-18
20,WOL,2025-10-18
1,ARS,2025-10-19
2,MNC,2025-10-19
3,LIV,2025-10-19
4,BOU,2025-10-19
5,TOT,2025-10-19
6,CHE,2025-10-19
7,SUN,2025-10-19
8,CRY,2025-10-19
9,BHA,2025-10-19
10,EVE,2025-10-19
11,MAN,2025-10-19
12,NEW,2025-10-19
13,AVL,2025-10-19
14,FUL,2025-10-19
15,LEE,2025-10-19
16,BRE,2025-10-19
17,BUR,2025-10-19
18,NFO,2025-10-19
19,WHU,2025-10-19
20,WOL,2025-10-19
1,ARS,2025-10-20
2,MNC,2025-10-20
3,BOU,2025-10-20
4,LIV,2025-10-20
5,CHE,2025-10-20
6,TOT,2025-10-20
7,SUN,2025-10-20
8,CRY,2025-10-20
9,MAN,2025-10-20
10,BHA,2025-10-20
11,AVL,2025-10-20
12,EVE,2025-10-20
13,NEW,2025-10-20
14,FUL,2025-10-20
15,LEE,2025-10-20
16,BRE,2025-10-20
17,BUR,2025-10-20
18,NFO,2025-10-20
19,WHU,2025-10-20
20,WOL,2025-10-20
1,ARS,2025-10-21
2,MNC,2025-10-21
3,BOU,2025-10-21
4,LIV,2025-10-21
5,CHE,2025-10-21
6,TOT,2025-10-21
7,SUN,2025-10-21
8,CRY,2025-10-21
9,MAN,2025-10-21
10,BHA,2025-10-21
11,AVL,2025-10-21
12,EVE,2025-10-21
13,BRE,2025-10-21
14,NEW,2025-10-21
15,FUL,2025-10-21
16,LEE,2025-10-21
17,BUR,2025-10-21
18,NFO,2025-10-21
19,WHU,2025-10-21
20,WOL,2025-10-21
1,ARS,2025-10-22
2,MNC,2025-10-22
3,BOU,2025-10-22
4,LIV,2025-10-22
5,CHE,2025-10-22
6,TOT,2025-10-22
7,SUN,2025-10-22
8,CRY,2025-10-22
9,MAN,2025-10-22
10,BHA,2025-10-22
11,AVL,2025-10-22
12,EVE,2025-10-22
13,BRE,2025-10-22
14,NEW,2025-10-22
15,FUL,2025-10-22
16,LEE,2025-10-22
17,BUR,2025-10-22
18,NFO,2025-10-22
19,WHU,2025-10-22
20,WOL,2025-10-22
1,ARS,2025-10-23
2,MNC,2025-10-23
3,BOU,2025-10-23
4,LIV,2025-10-23
5,CHE,2025-10-23
6,TOT,2025-10-23
7,SUN,2025-10-23
8,CRY,2025-10-23
9,MAN,2025-10-23
10,BHA,2025-10-23
11,AVL,2025-10-23
12,EVE,2025-10-23
13,BRE,2025-10-23
14,NEW,2025-10-23
15,FUL,2025-10-23
16,LEE,2025-10-23
17,BUR,2025-10-23
18,NFO,2025-10-23
19,WHU,2025-10-23
20,WOL,2025-10-23
1,ARS,2025-10-24
2,MNC,2025-10-24
3,BOU,2025-10-24
4,LIV,2025-10-24
5,CHE,2025-10-24
6,TOT,2025-10-24
7,SUN,2025-10-24
8,CRY,2025-10-24
9,MAN,2025-10-24
10,BHA,2025-10-24
11,AVL,2025-10-24
12,EVE,2025-10-24
13,BRE,2025-10-24
14,NEW,2025-10-24
15,FUL,2025-10-24
16,LEE,2025-10-24
17,BUR,2025-10-24
18,NFO,2025-10-24
19,WHU,2025-10-24
20,WOL,2025-10-24
1,ARS,2025-10-25
2,MNC,2025-10-25
3,BOU,2025-10-25
4,LIV,2025-10-25
5,CHE,2025-10-25
6,TOT,2025-10-25
7,SUN,2025-10-25
8,CRY,2025-10-25
9,MAN,2025-10-25
10,BHA,2025-10-25
11,AVL,2025-10-25
12,EVE,2025-10-25
13,LEE,2025-10-25
14,BRE,2025-10-25
15,NEW,2025-10-25
16,FUL,2025-10-25
17,BUR,2025-10-25
18,NFO,2025-10-25
19,WHU,2025-10-25
20,WOL,2025-10-25
1,ARS,2025-10-26
2,SUN,2025-10-26
3,MNC,2025-10-26
4,MAN,2025-10-26
5,BOU,2025-10-26
6,LIV,2025-10-26
7,TOT,2025-10-26
8,CHE,2025-10-26
9,CRY,2025-10-26
10,BRE,2025-10-26
11,NEW,2025-10-26
12,AVL,2025-10-26
13,BHA,2025-10-26
14,EVE,2025-10-26
15,LEE,2025-10-26
16,FUL,2025-10-26
17,BUR,2025-10-26
18,NFO,2025-10-26
19,WHU,2025-10-26
20,WOL,2025-10-26
1,ARS,2025-10-27
2,BOU,2025-10-27
3,TOT,2025-10-27
4,SUN,2025-10-27
5,MNC,2025-10-27
6,MAN,2025-10-27
7,LIV,2025-10-27
8,AVL,2025-10-27
9,CHE,2025-10-27
10,CRY,2025-10-27
11,BRE,2025-10-27
12,NEW,2025-10-27
13,BHA,2025-10-27
14,EVE,2025-10-27
15,LEE,2025-10-27
16,BUR,2025-10-27
17,FUL,2025-10-27
18,NFO,2025-10-27
19,WHU,2025-10-27
20,WOL,2025-10-27
1,ARS,2025-10-28
2,BOU,2025-10-28
3,TOT,2025-10-28
4,SUN,2025-10-28
5,MNC,2025-10-28
6,MAN,2025-10-28
7,LIV,2025-10-28
8,AVL,2025-10-28
9,CHE,2025-10-28
10,CRY,2025-10-28
11,BRE,2025-10-28
12,NEW,2025-10-28
13,BHA,2025-10-28
14,EVE,2025-10-28
15,LEE,2025-10-28
16,BUR,2025-10-28
17,FUL,2025-10-28
18,NFO,2025-10-28
19,WHU,2025-10-28
20,WOL,2025-10-28
1,ARS,2025-10-29
2,BOU,2025-10-29
3,TOT,2025-10-29
4,SUN,2025-10-29
5,MNC,2025-10-29
6,MAN,2025-10-29
7,LIV,2025-10-29
8,AVL,2025-10-29
9,CHE,2025-10-29
10,CRY,2025-10-29
11,BRE,2025-10-29
12,NEW,2025-10-29
13,BHA,2025-10-29
14,EVE,2025-10-29
15,LEE,2025-10-29
16,BUR,2025-10-29
17,FUL,2025-10-29
18,NFO,2025-10-29
19,WHU,2025-10-29
20,WOL,2025-10-29
1,ARS,2025-10-30
2,BOU,2025-10-30
3,TOT,2025-10-30
4,SUN,2025-10-30
5,MNC,2025-10-30
6,MAN,2025-10-30
7,LIV,2025-10-30
8,AVL,2025-10-30
9,CHE,2025-10-30
10,CRY,2025-10-30
11,BRE,2025-10-30
12,NEW,2025-10-30
13,BHA,2025-10-30
14,EVE,2025-10-30
15,LEE,2025-10-30
16,BUR,2025-10-30
17,FUL,2025-10-30
18,NFO,2025-10-30
19,WHU,2025-10-30
20,WOL,2025-10-30
1,ARS,2025-10-31
2,BOU,2025-10-31
3,TOT,2025-10-31
4,SUN,2025-10-31
5,MNC,2025-10-31
6,MAN,2025-10-31
7,LIV,2025-10-31
8,AVL,2025-10-31
9,CHE,2025-10-31
10,CRY,2025-10-31
11,BRE,2025-10-31
12,NEW,2025-10-31
13,BHA,2025-10-31
14,EVE,2025-10-31
15,LEE,2025-10-31
16,BUR,2025-10-31
17,FUL,2025-10-31
18,NFO,2025-10-31
19,WHU,2025-10-31
20,WOL,2025-10-31
1,ARS,2025-11-01
2,BOU,2025-11-01
3,TOT,2025-11-01
4,SUN,2025-11-01
5,MNC,2025-11-01
6,MAN,2025-11-01
7,LIV,2025-11-01
8,AVL,2025-11-01
9,CHE,2025-11-01
10,CRY,2025-11-01
11,BRE,2025-11-01
12,NEW,2025-11-01
13,BHA,2025-11-01
14,EVE,2025-11-01
15,LEE,2025-11-01
16,BUR,2025-11-01
17,FUL,2025-11-01
18,NFO,2025-11-01
19,WHU,2025-11-01
20,WOL,2025-11-01
1,ARS,2025-11-02
2,BOU,2025-11-02
3,LIV,2025-11-02
4,TOT,2025-11-02
5,CHE,2025-11-02
6,SUN,2025-11-02
7,MAN,2025-11-02
8,MNC,2025-11-02
9,CRY,2025-11-02
10,BHA,2025-11-02
11,AVL,2025-11-02
12,BRE,2025-11-02
13,NEW,2025-11-02
14,FUL,2025-11-02
15,EVE,2025-11-02
16,LEE,2025-11-02
17,BUR,2025-11-02
18,NFO,2025-11-02
19,WHU,2025-11-02
20,WOL,2025-11-02
1,ARS,2025-11-03
2,MNC,2025-11-03
3,LIV,2025-11-03
4,BOU,2025-11-03
5,TOT,2025-11-03
6,CHE,2025-11-03
7,SUN,2025-11-03
8,MAN,2025-11-03
9,CRY,2025-11-03
10,BHA,2025-11-03
11,AVL,2025-11-03
12,BRE,2025-11-03
13,NEW,2025-11-03
14,FUL,2025-11-03
15,EVE,2025-11-03
16,LEE,2025-11-03
17,BUR,2025-11-03
18,WHU,2025-11-03
19,NFO,2025-11-03
20,WOL,2025-11-03
1,ARS,2025-11-04
2,MNC,2025-11-04
3,LIV,2025-11-04
4,SUN,2025-11-04
5,BOU,2025-11-04
6,TOT,2025-11-04
7,CHE,2025-11-04
8,MAN,2025-11-04
9,CRY,2025-11-04
10,BHA,2025-11-04
11,AVL,2025-11-04
12,BRE,2025-11-04
13,NEW,2025-11-04
14,EVE,2025-11-04
15,FUL,2025-11-04
16,LEE,2025-11-04
17,BUR,2025-11-04
18,WHU,2025-11-04
19,NFO,2025-11-04
20,WOL,2025-11-04
1,ARS,2025-11-05
2,MNC,2025-11-05
3,LIV,2025-11-05
4,SUN,2025-11-05
5,BOU,2025-11-05
6,TOT,2025-11-05
7,CHE,2025-11-05
8,MAN,2025-11-05
9,CRY,2025-11-05
10,BHA,2025-11-05
11,AVL,2025-11-05
12,BRE,2025-11-05
13,NEW,2025-11-05
14,EVE,2025-11-05
15,FUL,2025-11-05
16,LEE,2025-11-05
17,BUR,2025-11-05
18,WHU,2025-11-05
19,NFO,2025-11-05
20,WOL,2025-11-05
1,ARS,2025-11-06
2,MNC,2025-11-06
3,LIV,2025-11-06
4,SUN,2025-11-06
5,BOU,2025-11-06
6,TOT,2025-11-06
7,CHE,2025-11-06
8,MAN,2025-11-06
9,CRY,2025-11-06
10,BHA,2025-11-06
11,AVL,2025-11-06
12,BRE,2025-11-06
13,NEW,2025-11-06
14,EVE,2025-11-06
15,FUL,2025-11-06
16,LEE,2025-11-06
17,BUR,2025-11-06
18,WHU,2025-11-06
19,NFO,2025-11-06
20,WOL,2025-11-06
1,ARS,2025-11-07
2,MNC,2025-11-07
3,LIV,2025-11-07
4,SUN,2025-11-07
5,BOU,2025-11-07
6,TOT,2025-11-07
7,CHE,2025-11-07
8,MAN,2025-11-07
9,CRY,2025-11-07
10,BHA,2025-11-07
11,AVL,2025-11-07
12,BRE,2025-11-07
13,NEW,2025-11-07
14,EVE,2025-11-07
15,FUL,2025-11-07
16,LEE,2025-11-07
17,BUR,2025-11-07
18,WHU,2025-11-07
19,NFO,2025-11-07
20,WOL,2025-11-07
1,ARS,2025-11-08
2,MNC,2025-11-08
3,LIV,2025-11-08
4,SUN,2025-11-08
5,BOU,2025-11-08
6,TOT,2025-11-08
7,CHE,2025-11-08
8,MAN,2025-11-08
9,CRY,2025-11-08
10,BHA,2025-11-08
11,AVL,2025-11-08
12,BRE,2025-11-08
13,NEW,2025-11-08
14,EVE,2025-11-08
15,FUL,2025-11-08
16,LEE,2025-11-08
17,BUR,2025-11-08
18,WHU,2025-11-08
19,NFO,2025-11-08
20,WOL,2025-11-08
1,ARS,2025-11-09
2,CHE,2025-11-09
3,MNC,2025-11-09
4,SUN,2025-11-09
5,TOT,2025-11-09
6,LIV,2025-11-09
7,BOU,2025-11-09
8,MAN,2025-11-09
9,CRY,2025-11-09
10,BHA,2025-11-09
11,EVE,2025-11-09
12,AVL,2025-11-09
13,BRE,2025-11-09
14,NEW,2025-11-09
15,FUL,2025-11-09
16,LEE,2025-11-09
17,BUR,2025-11-09
18,WHU,2025-11-09
19,NFO,2025-11-09
20,WOL,2025-11-09
1,ARS,2025-11-10
2,MNC,2025-11-10
3,CHE,2025-11-10
4,SUN,2025-11-10
5,TOT,2025-11-10
6,AVL,2025-11-10
7,MAN,2025-11-10
8,LIV,2025-11-10
9,BOU,2025-11-10
10,CRY,2025-11-10
11,BHA,2025-11-10
12,BRE,2025-11-10
13,EVE,2025-11-10
14,NEW,2025-11-10
15,FUL,2025-11-10
16,LEE,2025-11-10
17,BUR,2025-11-10
18,WHU,2025-11-10
19,NFO,2025-11-10
20,WOL,2025-11-10
1,ARS,2025-11-11
2,MNC,2025-11-11
3,CHE,2025-11-11
4,SUN,2025-11-11
5,TOT,2025-11-11
6,AVL,2025-11-11
7,MAN,2025-11-11
8,LIV,2025-11-11
9,BOU,2025-11-11
10,CRY,2025-11-11
11,BHA,2025-11-11
12,BRE,2025-11-11
13,EVE,2025-11-11
14,NEW,2025-11-11
15,FUL,2025-11-11
16,LEE,2025-11-11
17,BUR,2025-11-11
18,WHU,2025-11-11
19,NFO,2025-11-11
20,WOL,2025-11-11
1,ARS,2025-11-12
2,MNC,2025-11-12
3,CHE,2025-11-12
4,SUN,2025-11-12
5,TOT,2025-11-12
6,AVL,2025-11-12
7,MAN,2025-11-12
8,LIV,2025-11-12
9,BOU,2025-11-12
10,CRY,2025-11-12
11,BHA,2025-11-12
12,BRE,2025-11-12
13,EVE,2025-11-12
14,NEW,2025-11-12
15,FUL,2025-11-12
16,LEE,2025-11-12
17,BUR,2025-11-12
18,WHU,2025-11-12
19,NFO,2025-11-12
20,WOL,2025-11-12
1,ARS,2025-11-13
2,MNC,2025-11-13
3,CHE,2025-11-13
4,SUN,2025-11-13
5,TOT,2025-11-13
6,AVL,2025-11-13
7,MAN,2025-11-13
8,LIV,2025-11-13
9,BOU,2025-11-13
10,CRY,2025-11-13
11,BHA,2025-11-13
12,BRE,2025-11-13
13,EVE,2025-11-13
14,NEW,2025-11-13
15,FUL,2025-11-13
16,LEE,2025-11-13
17,BUR,2025-11-13
18,WHU,2025-11-13
19,NFO,2025-11-13
20,WOL,2025-11-13
1,ARS,2025-11-14
2,MNC,2025-11-14
3,CHE,2025-11-14
4,SUN,2025-11-14
5,TOT,2025-11-14
6,AVL,2025-11-14
7,MAN,2025-11-14
8,LIV,2025-11-14
9,BOU,2025-11-14
10,CRY,2025-11-14
11,BHA,2025-11-14
12,BRE,2025-11-14
13,EVE,2025-11-14
14,NEW,2025-11-14
15,FUL,2025-11-14
16,LEE,2025-11-14
17,BUR,2025-11-14
18,WHU,2025-11-14
19,NFO,2025-11-14
20,WOL,2025-11-14
1,ARS,2025-11-15
2,MNC,2025-11-15
3,CHE,2025-11-15
4,SUN,2025-11-15
5,TOT,2025-11-15
6,AVL,2025-11-15
7,MAN,2025-11-15
8,LIV,2025-11-15
9,BOU,2025-11-15
10,CRY,2025-11-15
11,BHA,2025-11-15
12,BRE,2025-11-15
13,EVE,2025-11-15
14,NEW,2025-11-15
15,FUL,2025-11-15
16,LEE,2025-11-15
17,BUR,2025-11-15
18,WHU,2025-11-15
19,NFO,2025-11-15
20,WOL,2025-11-15
1,ARS,2025-11-16
2,MNC,2025-11-16
3,CHE,2025-11-16
4,SUN,2025-11-16
5,TOT,2025-11-16
6,AVL,2025-11-16
7,MAN,2025-11-16
8,LIV,2025-11-16
9,BOU,2025-11-16
10,CRY,2025-11-16
11,BHA,2025-11-16
12,BRE,2025-11-16
13,EVE,2025-11-16
14,NEW,2025-11-16
15,FUL,2025-11-16
16,LEE,2025-11-16
17,BUR,2025-11-16
18,WHU,2025-11-16
19,NFO,2025-11-16
20,WOL,2025-11-16
1,ARS,2025-11-17
2,MNC,2025-11-17
3,CHE,2025-11-17
4,SUN,2025-11-17
5,TOT,2025-11-17
6,AVL,2025-11-17
7,MAN,2025-11-17
8,LIV,2025-11-17
9,BOU,2025-11-17
10,CRY,2025-11-17
11,BHA,2025-11-17
12,BRE,2025-11-17
13,EVE,2025-11-17
14,NEW,2025-11-17
15,FUL,2025-11-17
16,LEE,2025-11-17
17,BUR,2025-11-17
18,WHU,2025-11-17
19,NFO,2025-11-17
20,WOL,2025-11-17
1,ARS,2025-11-18
2,MNC,2025-11-18
3,CHE,2025-11-18
4,SUN,2025-11-18
5,TOT,2025-11-18
6,AVL,2025-11-18
7,MAN,2025-11-18
8,LIV,2025-11-18
9,BOU,2025-11-18
10,CRY,2025-11-18
11,BHA,2025-11-18
12,BRE,2025-11-18
13,EVE,2025-11-18
14,NEW,2025-11-18
15,FUL,2025-11-18
16,LEE,2025-11-18
17,BUR,2025-11-18
18,WHU,2025-11-18
19,NFO,2025-11-18
20,WOL,2025-11-18
1,ARS,2025-11-19
2,MNC,2025-11-19
3,CHE,2025-11-19
4,SUN,2025-11-19
5,TOT,2025-11-19
6,AVL,2025-11-19
7,MAN,2025-11-19
8,LIV,2025-11-19
9,BOU,2025-11-19
10,CRY,2025-11-19
11,BHA,2025-11-19
12,BRE,2025-11-19
13,EVE,2025-11-19
14,NEW,2025-11-19
15,FUL,2025-11-19
16,LEE,2025-11-19
17,BUR,2025-11-19
18,WHU,2025-11-19
19,NFO,2025-11-19
20,WOL,2025-11-19
1,ARS,2025-11-20
2,MNC,2025-11-20
3,CHE,2025-11-20
4,SUN,2025-11-20
5,TOT,2025-11-20
6,AVL,2025-11-20
7,MAN,2025-11-20
8,LIV,2025-11-20
9,BOU,2025-11-20
10,CRY,2025-11-20
11,BHA,2025-11-20
12,BRE,2025-11-20
13,EVE,2025-11-20
14,NEW,2025-11-20
15,FUL,2025-11-20
16,LEE,2025-11-20
17,BUR,2025-11-20
18,WHU,2025-11-20
19,NFO,2025-11-20
20,WOL,2025-11-20
1,ARS,2025-11-21
2,MNC,2025-11-21
3,CHE,2025-11-21
4,SUN,2025-11-21
5,TOT,2025-11-21
6,AVL,2025-11-21
7,MAN,2025-11-21
8,LIV,2025-11-21
9,BOU,2025-11-21
10,CRY,2025-11-21
11,BHA,2025-11-21
12,BRE,2025-11-21
13,EVE,2025-11-21
14,NEW,2025-11-21
15,FUL,2025-11-21
16,LEE,2025-11-21
17,BUR,2025-11-21
18,WHU,2025-11-21
19,NFO,2025-11-21
20,WOL,2025-11-21
1,ARS,2025-11-22
2,MNC,2025-11-22
3,CHE,2025-11-22
4,SUN,2025-11-22
5,TOT,2025-11-22
6,AVL,2025-11-22
7,MAN,2025-11-22
8,LIV,2025-11-22
9,BOU,2025-11-22
10,CRY,2025-11-22
11,BHA,2025-11-22
12,BRE,2025-11-22
13,EVE,2025-11-22
14,NEW,2025-11-22
15,FUL,2025-11-22
16,LEE,2025-11-22
17,BUR,2025-11-22
18,WHU,2025-11-22
19,NFO,2025-11-22
20,WOL,2025-11-22
1,ARS,2025-11-23
2,CHE,2025-11-23
3,MNC,2025-11-23
4,CRY,2025-11-23
5,BHA,2025-11-23
6,SUN,2025-11-23
7,BOU,2025-11-23
8,TOT,2025-11-23
9,AVL,2025-11-23
10,MAN,2025-11-23
11,LIV,2025-11-23
12,BRE,2025-11-23
13,EVE,2025-11-23
14,NEW,2025-11-23
15,FUL,2025-11-23
16,NFO,2025-11-23
17,WHU,2025-11-23
18,LEE,2025-11-23
19,BUR,2025-11-23
20,WOL,2025-11-23
1,ARS,2025-11-24
2,CHE,2025-11-24
3,MNC,2025-11-24
4,AVL,2025-11-24
5,CRY,2025-11-24
6,BHA,2025-11-24
7,SUN,2025-11-24
8,BOU,2025-11-24
9,TOT,2025-11-24
10,MAN,2025-11-24
11,LIV,2025-11-24
12,BRE,2025-11-24
13,EVE,2025-11-24
14,NEW,2025-11-24
15,FUL,2025-11-24
16,NFO,2025-11-24
17,WHU,2025-11-24
18,LEE,2025-11-24
19,BUR,2025-11-24
20,WOL,2025-11-24
1,ARS,2025-11-25
2,CHE,2025-11-25
3,MNC,2025-11-25
4,AVL,2025-11-25
5,CRY,2025-11-25
6,BHA,2025-11-25
7,SUN,2025-11-25
8,BOU,2025-11-25
9,TOT,2025-11-25
10,MAN,2025-11-25
11,EVE,2025-11-25
12,LIV,2025-11-25
13,BRE,2025-11-25
14,NEW,2025-11-25
15,FUL,2025-11-25
16,NFO,2025-11-25
17,WHU,2025-11-25
18,LEE,2025-11-25
19,BUR,2025-11-25
20,WOL,2025-11-25
1,ARS,2025-11-26
2,CHE,2025-11-26
3,MNC,2025-11-26
4,AVL,2025-11-26
5,CRY,2025-11-26
6,BHA,2025-11-26
7,SUN,2025-11-26
8,BOU,2025-11-26
9,TOT,2025-11-26
10,MAN,2025-11-26
11,EVE,2025-11-26
12,LIV,2025-11-26
13,BRE,2025-11-26
14,NEW,2025-11-26
15,FUL,2025-11-26
16,NFO,2025-11-26
17,WHU,2025-11-26
18,LEE,2025-11-26
19,BUR,2025-11-26
20,WOL,2025-11-26
1,ARS,2025-11-27
2,CHE,2025-11-27
3,MNC,2025-11-27
4,AVL,2025-11-27
5,CRY,2025-11-27
6,BHA,2025-11-27
7,SUN,2025-11-27
8,BOU,2025-11-27
9,TOT,2025-11-27
10,MAN,2025-11-27
11,EVE,2025-11-27
12,LIV,2025-11-27
13,BRE,2025-11-27
14,NEW,2025-11-27
15,FUL,2025-11-27
16,NFO,2025-11-27
17,WHU,2025-11-27
18,LEE,2025-11-27
19,BUR,2025-11-27
20,WOL,2025-11-27
1,ARS,2025-11-28
2,CHE,2025-11-28
3,MNC,2025-11-28
4,AVL,2025-11-28
5,CRY,2025-11-28
6,BHA,2025-11-28
7,SUN,2025-11-28
8,BOU,2025-11-28
9,TOT,2025-11-28
10,MAN,2025-11-28
11,EVE,2025-11-28
12,LIV,2025-11-28
13,BRE,2025-11-28
14,NEW,2025-11-28
15,FUL,2025-11-28
16,NFO,2025-11-28
17,WHU,2025-11-28
18,LEE,2025-11-28
19,BUR,2025-11-28
20,WOL,2025-11-28
1,ARS,2025-11-29
2,CHE,2025-11-29
3,MNC,2025-11-29
4,AVL,2025-11-29
5,CRY,2025-11-29
6,BHA,2025-11-29
7,SUN,2025-11-29
8,BOU,2025-11-29
9,TOT,2025-11-29
10,MAN,2025-11-29
11,EVE,2025-11-29
12,LIV,2025-11-29
13,BRE,2025-11-29
14,NEW,2025-11-29
15,FUL,2025-11-29
16,NFO,2025-11-29
17,WHU,2025-11-29
18,LEE,2025-11-29
19,BUR,2025-11-29
20,WOL,2025-11-29
1,ARS,2025-11-30
2,MNC,2025-11-30
3,CHE,2025-11-30
4,SUN,2025-11-30
5,AVL,2025-11-30
6,CRY,2025-11-30
7,BHA,2025-11-30
8,BRE,2025-11-30
9,BOU,2025-11-30
10,TOT,2025-11-30
11,NEW,2025-11-30
12,MAN,2025-11-30
13,LIV,2025-11-30
14,EVE,2025-11-30
15,FUL,2025-11-30
16,NFO,2025-11-30
17,WHU,2025-11-30
18,LEE,2025-11-30
19,BUR,2025-11-30
20,WOL,2025-11-30
1,ARS,2025-12-01
2,MNC,2025-12-01
3,CHE,2025-12-01
4,AVL,2025-12-01
5,BHA,2025-12-01
6,SUN,2025-12-01
7,MAN,2025-12-01
8,LIV,2025-12-01
9,CRY,2025-12-01
10,BRE,2025-12-01
11,BOU,2025-12-01
12,TOT,2025-12-01
13,NEW,2025-12-01
14,EVE,2025-12-01
15,FUL,2025-12-01
16,NFO,2025-12-01
17,WHU,2025-12-01
18,LEE,2025-12-01
19,BUR,2025-12-01
20,WOL,2025-12-01
1,ARS,2025-12-02
2,MNC,2025-12-02
3,CHE,2025-12-02
4,AVL,2025-12-02
5,BHA,2025-12-02
6,SUN,2025-12-02
7,MAN,2025-12-02
8,LIV,2025-12-02
9,CRY,2025-12-02
10,BRE,2025-12-02
11,BOU,2025-12-02
12,TOT,2025-12-02
13,NEW,2025-12-02
14,EVE,2025-12-02
15,FUL,2025-12-02
16,NFO,2025-12-02
17,WHU,2025-12-02
18,LEE,2025-12-02
19,BUR,2025-12-02
20,WOL,2025-12-02
1,ARS,2025-12-03
2,MNC,2025-12-03
3,CHE,2025-12-03
4,AVL,2025-12-03
5,BHA,2025-12-03
6,SUN,2025-12-03
7,MAN,2025-12-03
8,LIV,2025-12-03
9,EVE,2025-12-03
10,CRY,2025-12-03
11,TOT,2025-12-03
12,BRE,2025-12-03
13,NEW,2025-12-03
14,BOU,2025-12-03
15,FUL,2025-12-03
16,NFO,2025-12-03
17,WHU,2025-12-03
18,LEE,2025-12-03
19,BUR,2025-12-03
20,WOL,2025-12-03
1,ARS,2025-12-04
2,MNC,2025-12-04
3,AVL,2025-12-04
4,CHE,2025-12-04
5,CRY,2025-12-04
6,SUN,2025-12-04
7,BHA,2025-12-04
8,LIV,2025-12-04
9,MAN,2025-12-04
10,EVE,2025-12-04
11,TOT,2025-12-04
12,NEW,2025-12-04
13,BRE,2025-12-04
14,BOU,2025-12-04
15,FUL,2025-12-04
16,NFO,2025-12-04
17,LEE,2025-12-04
18,WHU,2025-12-04
19,BUR,2025-12-04
20,WOL,2025-12-04
1,ARS,2025-12-05
2,MNC,2025-12-05
3,AVL,2025-12-05
4,CHE,2025-12-05
5,CRY,2025-12-05
6,SUN,2025-12-05
7,BHA,2025-12-05
8,MAN,2025-12-05
9,LIV,2025-12-05
10,EVE,2025-12-05
11,TOT,2025-12-05
12,NEW,2025-12-05
13,BRE,2025-12-05
14,BOU,2025-12-05
15,FUL,2025-12-05
16,NFO,2025-12-05
17,LEE,2025-12-05
18,WHU,2025-12-05
19,BUR,2025-12-05
20,WOL,2025-12-05
1,ARS,2025-12-06
2,MNC,2025-12-06
3,AVL,2025-12-06
4,CHE,2025-12-06
5,CRY,2025-12-06
6,SUN,2025-12-06
7,BHA,2025-12-06
8,MAN,2025-12-06
9,LIV,2025-12-06
10,EVE,2025-12-06
11,TOT,2025-12-06
12,NEW,2025-12-06
13,BRE,2025-12-06
14,BOU,2025-12-06
15,FUL,2025-12-06
16,NFO,2025-12-06
17,LEE,2025-12-06
18,WHU,2025-12-06
19,BUR,2025-12-06
20,WOL,2025-12-06
1,ARS,2025-12-07
2,MNC,2025-12-07
3,AVL,2025-12-07
4,CHE,2025-12-07
5,EVE,2025-12-07
6,CRY,2025-12-07
7,SUN,2025-12-07
8,LIV,2025-12-07
9,TOT,2025-12-07
10,BHA,2025-12-07
11,NEW,2025-12-07
12,MAN,2025-12-07
13,BOU,2025-12-07
14,BRE,2025-12-07
15,FUL,2025-12-07
16,LEE,2025-12-07
17,NFO,2025-12-07
18,WHU,2025-12-07
19,BUR,2025-12-07
20,WOL,2025-12-07
1,ARS,2025-12-08
2,MNC,2025-12-08
3,AVL,2025-12-08
4,CRY,2025-12-08
5,CHE,2025-12-08
6,EVE,2025-12-08
7,BHA,2025-12-08
8,SUN,2025-12-08
9,LIV,2025-12-08
10,TOT,2025-12-08
11,NEW,2025-12-08
12,MAN,2025-12-08
13,BOU,2025-12-08
14,BRE,2025-12-08
15,FUL,2025-12-08
16,LEE,2025-12-08
17,NFO,2025-12-08
18,WHU,2025-12-08
19,BUR,2025-12-08
20,WOL,2025-12-08
1,ARS,2025-12-09
2,MNC,2025-12-09
3,AVL,2025-12-09
4,CRY,2025-12-09
5,CHE,2025-12-09
6,MAN,2025-12-09
7,EVE,2025-12-09
8,BHA,2025-12-09
9,SUN,2025-12-09
10,LIV,2025-12-09
11,TOT,2025-12-09
12,NEW,2025-12-09
13,BOU,2025-12-09
14,BRE,2025-12-09
15,FUL,2025-12-09
16,LEE,2025-12-09
17,NFO,2025-12-09
18,WHU,2025-12-09
19,BUR,2025-12-09
20,WOL,2025-12-09
1,ARS,2025-12-10
2,MNC,2025-12-10
3,AVL,2025-12-10
4,CRY,2025-12-10
5,CHE,2025-12-10
6,MAN,2025-12-10
7,EVE,2025-12-10
8,BHA,2025-12-10
9,SUN,2025-12-10
10,LIV,2025-12-10
11,TOT,2025-12-10
12,NEW,2025-12-10
13,BOU,2025-12-10
14,BRE,2025-12-10
15,FUL,2025-12-10
16,LEE,2025-12-10
17,NFO,2025-12-10
18,WHU,2025-12-10
19,BUR,2025-12-10
20,WOL,2025-12-10
1,ARS,2025-12-11
2,MNC,2025-12-11
3,AVL,2025-12-11
4,CRY,2025-12-11
5,CHE,2025-12-11
6,MAN,2025-12-11
7,EVE,2025-12-11
8,BHA,2025-12-11
9,SUN,2025-12-11
10,LIV,2025-12-11
11,TOT,2025-12-11
12,NEW,2025-12-11
13,BOU,2025-12-11
14,BRE,2025-12-11
15,FUL,2025-12-11
16,LEE,2025-12-11
17,NFO,2025-12-11
18,WHU,2025-12-11
19,BUR,2025-12-11
20,WOL,2025-12-11
1,ARS,2025-12-12
2,MNC,2025-12-12
3,AVL,2025-12-12
4,CRY,2025-12-12
5,CHE,2025-12-12
6,MAN,2025-12-12
7,EVE,2025-12-12
8,BHA,2025-12-12
9,SUN,2025-12-12
10,LIV,2025-12-12
11,TOT,2025-12-12
12,NEW,2025-12-12
13,BOU,2025-12-12
14,BRE,2025-12-12
15,FUL,2025-12-12
16,LEE,2025-12-12
17,NFO,2025-12-12
18,WHU,2025-12-12
19,BUR,2025-12-12
20,WOL,2025-12-12
1,ARS,2025-12-13
2,MNC,2025-12-13
3,AVL,2025-12-13
4,CRY,2025-12-13
5,CHE,2025-12-13
6,MAN,2025-12-13
7,EVE,2025-12-13
8,BHA,2025-12-13
9,SUN,2025-12-13
10,LIV,2025-12-13
11,TOT,2025-12-13
12,NEW,2025-12-13
13,BOU,2025-12-13
14,BRE,2025-12-13
15,FUL,2025-12-13
16,LEE,2025-12-13
17,NFO,2025-12-13
18,WHU,2025-12-13
19,BUR,2025-12-13
20,WOL,2025-12-13
1,ARS,2025-12-14
2,MNC,2025-12-14
3,AVL,2025-12-14
4,CHE,2025-12-14
5,CRY,2025-12-14
6,LIV,2025-12-14
7,MAN,2025-12-14
8,EVE,2025-12-14
9,BHA,2025-12-14
10,SUN,2025-12-14
11,TOT,2025-12-14
12,NEW,2025-12-14
13,FUL,2025-12-14
14,BOU,2025-12-14
15,BRE,2025-12-14
16,LEE,2025-12-14
17,NFO,2025-12-14
18,WHU,2025-12-14
19,BUR,2025-12-14
20,WOL,2025-12-14
1,ARS,2025-12-15
2,MNC,2025-12-15
3,AVL,2025-12-15
4,CHE,2025-12-15
5,CRY,2025-12-15
6,LIV,2025-12-15
7,SUN,2025-12-15
8,MAN,2025-12-15
9,EVE,2025-12-15
10,BHA,2025-12-15
11,TOT,2025-12-15
12,NEW,2025-12-15
13,FUL,2025-12-15
14,BRE,2025-12-15
15,BOU,2025-12-15
16,NFO,2025-12-15
17,LEE,2025-12-15
18,WHU,2025-12-15
19,BUR,2025-12-15
20,WOL,2025-12-15
1,ARS,2025-12-16
2,MNC,2025-12-16
3,AVL,2025-12-16
4,CHE,2025-12-16
5,CRY,2025-12-16
6,MAN,2025-12-16
7,LIV,2025-12-16
8,SUN,2025-12-16
9,EVE,2025-12-16
10,BHA,2025-12-16
11,TOT,2025-12-16
12,NEW,2025-12-16
13,BOU,2025-12-16
14,FUL,2025-12-16
15,BRE,2025-12-16
16,NFO,2025-12-16
17,LEE,2025-12-16
18,WHU,2025-12-16
19,BUR,2025-12-16
20,WOL,2025-12-16
1,ARS,2025-12-17
2,MNC,2025-12-17
3,AVL,2025-12-17
4,CHE,2025-12-17
5,CRY,2025-12-17
6,MAN,2025-12-17
7,LIV,2025-12-17
8,SUN,2025-12-17
9,EVE,2025-12-17
10,BHA,2025-12-17
11,TOT,2025-12-17
12,NEW,2025-12-17
13,BOU,2025-12-17
14,FUL,2025-12-17
15,BRE,2025-12-17
16,NFO,2025-12-17
17,LEE,2025-12-17
18,WHU,2025-12-17
19,BUR,2025-12-17
20,WOL,2025-12-17
1,ARS,2025-12-18
2,MNC,2025-12-18
3,AVL,2025-12-18
4,CHE,2025-12-18
5,CRY,2025-12-18
6,MAN,2025-12-18
7,LIV,2025-12-18
8,SUN,2025-12-18
9,EVE,2025-12-18
10,BHA,2025-12-18
11,TOT,2025-12-18
12,NEW,2025-12-18
13,BOU,2025-12-18
14,FUL,2025-12-18
15,BRE,2025-12-18
16,NFO,2025-12-18
17,LEE,2025-12-18
18,WHU,2025-12-18
19,BUR,2025-12-18
20,WOL,2025-12-18
1,ARS,2025-12-19
2,MNC,2025-12-19
3,AVL,2025-12-19
4,CHE,2025-12-19
5,CRY,2025-12-19
6,MAN,2025-12-19
7,LIV,2025-12-19
8,SUN,2025-12-19
9,EVE,2025-12-19
10,BHA,2025-12-19
11,TOT,2025-12-19
12,NEW,2025-12-19
13,BOU,2025-12-19
14,FUL,2025-12-19
15,BRE,2025-12-19
16,NFO,2025-12-19
17,LEE,2025-12-19
18,WHU,2025-12-19
19,BUR,2025-12-19
20,WOL,2025-12-19
1,ARS,2025-12-20
2,MNC,2025-12-20
3,AVL,2025-12-20
4,CHE,2025-12-20
5,CRY,2025-12-20
6,MAN,2025-12-20
7,LIV,2025-12-20
8,SUN,2025-12-20
9,EVE,2025-12-20
10,BHA,2025-12-20
11,TOT,2025-12-20
12,NEW,2025-12-20
13,BOU,2025-12-20
14,FUL,2025-12-20
15,BRE,2025-12-20
16,NFO,2025-12-20
17,LEE,2025-12-20
18,WHU,2025-12-20
19,BUR,2025-12-20
20,WOL,2025-12-20
1,ARS,2025-12-21
2,MNC,2025-12-21
3,AVL,2025-12-21
4,CHE,2025-12-21
5,LIV,2025-12-21
6,SUN,2025-12-21
7,MAN,2025-12-21
8,CRY,2025-12-21
9,BHA,2025-12-21
10,EVE,2025-12-21
11,NEW,2025-12-21
12,BRE,2025-12-21
13,TOT,2025-12-21
14,BOU,2025-12-21
15,FUL,2025-12-21
16,LEE,2025-12-21
17,NFO,2025-12-21
18,WHU,2025-12-21
19,BUR,2025-12-21
20,WOL,2025-12-21
1,ARS,2025-12-22
2,MNC,2025-12-22
3,AVL,2025-12-22
4,CHE,2025-12-22
5,LIV,2025-12-22
6,SUN,2025-12-22
7,MAN,2025-12-22
8,CRY,2025-12-22
9,BHA,2025-12-22
10,EVE,2025-12-22
11,NEW,2025-12-22
12,BRE,2025-12-22
13,TOT,2025-12-22
14,BOU,2025-12-22
15,FUL,2025-12-22
16,LEE,2025-12-22
17,NFO,2025-12-22
18,WHU,2025-12-22
19,BUR,2025-12-22
20,WOL,2025-12-22
1,ARS,2025-12-23
2,MNC,2025-12-23
3,AVL,2025-12-23
4,CHE,2025-12-23
5,LIV,2025-12-23
6,SUN,2025-12-23
7,MAN,2025-12-23
8,CRY,2025-12-23
9,BHA,2025-12-23
10,EVE,2025-12-23
11,NEW,2025-12-23
12,BRE,2025-12-23
13,FUL,2025-12-23
14,TOT,2025-12-23
15,BOU,2025-12-23
16,LEE,2025-12-23
17,NFO,2025-12-23
18,WHU,2025-12-23
19,BUR,2025-12-23
20,WOL,2025-12-23
1,ARS,2025-12-24
2,MNC,2025-12-24
3,AVL,2025-12-24
4,CHE,2025-12-24
5,LIV,2025-12-24
6,SUN,2025-12-24
7,MAN,2025-12-24
8,CRY,2025-12-24
9,BHA,2025-12-24
10,EVE,2025-12-24
11,NEW,2025-12-24
12,BRE,2025-12-24
13,FUL,2025-12-24
14,TOT,2025-12-24
15,BOU,2025-12-24
16,LEE,2025-12-24
17,NFO,2025-12-24
18,WHU,2025-12-24
19,BUR,2025-12-24
20,WOL,2025-12-24
1,ARS,2025-12-25
2,MNC,2025-12-25
3,AVL,2025-12-25
4,CHE,2025-12-25
5,LIV,2025-12-25
6,SUN,2025-12-25
7,MAN,2025-12-25
8,CRY,2025-12-25
9,BHA,2025-12-25
10,EVE,2025-12-25
11,NEW,2025-12-25
12,BRE,2025-12-25
13,FUL,2025-12-25
14,TOT,2025-12-25
15,BOU,2025-12-25
16,LEE,2025-12-25
17,NFO,2025-12-25
18,WHU,2025-12-25
19,BUR,2025-12-25
20,WOL,2025-12-25
1,ARS,2025-12-26
2,MNC,2025-12-26
3,AVL,2025-12-26
4,CHE,2025-12-26
5,LIV,2025-12-26
6,SUN,2025-12-26
7,MAN,2025-12-26
8,CRY,2025-12-26
9,BHA,2025-12-26
10,EVE,2025-12-26
11,NEW,2025-12-26
12,BRE,2025-12-26
13,FUL,2025-12-26
14,TOT,2025-12-26
15,BOU,2025-12-26
16,LEE,2025-12-26
17,NFO,2025-12-26
18,WHU,2025-12-26
19,BUR,2025-12-26
20,WOL,2025-12-26
1,ARS,2025-12-27
2,MNC,2025-12-27
3,AVL,2025-12-27
4,CHE,2025-12-27
5,MAN,2025-12-27
6,LIV,2025-12-27
7,SUN,2025-12-27
8,CRY,2025-12-27
9,BHA,2025-12-27
10,EVE,2025-12-27
11,NEW,2025-12-27
12,BRE,2025-12-27
13,FUL,2025-12-27
14,TOT,2025-12-27
15,BOU,2025-12-27
16,LEE,2025-12-27
17,NFO,2025-12-27
18,WHU,2025-12-27
19,BUR,2025-12-27
20,WOL,2025-12-27
1,ARS,2025-12-28
2,MNC,2025-12-28
3,AVL,2025-12-28
4,LIV,2025-12-28
5,CHE,2025-12-28
6,MAN,2025-12-28
7,SUN,2025-12-28
8,BRE,2025-12-28
9,CRY,2025-12-28
10,FUL,2025-12-28
11,EVE,2025-12-28
12,BHA,2025-12-28
13,NEW,2025-12-28
14,TOT,2025-12-28
15,BOU,2025-12-28
16,LEE,2025-12-28
17,NFO,2025-12-28
18,WHU,2025-12-28
19,BUR,2025-12-28
20,WOL,2025-12-28
1,ARS,2025-12-29
2,MNC,2025-12-29
3,AVL,2025-12-29
4,LIV,2025-12-29
5,CHE,2025-12-29
6,MAN,2025-12-29
7,SUN,2025-12-29
8,BRE,2025-12-29
9,CRY,2025-12-29
10,FUL,2025-12-29
11,TOT,2025-12-29
12,EVE,2025-12-29
13,BHA,2025-12-29
14,NEW,2025-12-29
15,BOU,2025-12-29
16,LEE,2025-12-29
17,NFO,2025-12-29
18,WHU,2025-12-29
19,BUR,2025-12-29
20,WOL,2025-12-29
1,ARS,2025-12-30
2,MNC,2025-12-30
3,AVL,2025-12-30
4,LIV,2025-12-30
5,CHE,2025-12-30
6,MAN,2025-12-30
7,SUN,2025-12-30
8,BRE,2025-12-30
9,CRY,2025-12-30
10,FUL,2025-12-30
11,TOT,2025-12-30
12,EVE,2025-12-30
13,BHA,2025-12-30
14,NEW,2025-12-30
15,BOU,2025-12-30
16,LEE,2025-12-30
17,NFO,2025-12-30
18,WHU,2025-12-30
19,BUR,2025-12-30
20,WOL,2025-12-30
1,ARS,2025-12-31
2,MNC,2025-12-31
3,AVL,2025-12-31
4,LIV,2025-12-31
5,CHE,2025-12-31
6,MAN,2025-12-31
7,SUN,2025-12-31
8,EVE,2025-12-31
9,BRE,2025-12-31
10,NEW,2025-12-31
11,CRY,2025-12-31
12,FUL,2025-12-31
13,TOT,2025-12-31
14,BHA,2025-12-31
15,BOU,2025-12-31
16,LEE,2025-12-31
17,NFO,2025-12-31
18,WHU,2025-12-31
19,BUR,2025-12-31
20,WOL,2025-12-31
1,ARS,2026-01-01
2,MNC,2026-01-01
3,AVL,2026-01-01
4,LIV,2026-01-01
5,CHE,2026-01-01
6,MAN,2026-01-01
7,SUN,2026-01-01
8,EVE,2026-01-01
9,BRE,2026-01-01
10,NEW,2026-01-01
11,CRY,2026-01-01
12,FUL,2026-01-01
13,TOT,2026-01-01
14,BHA,2026-01-01
15,BOU,2026-01-01
16,LEE,2026-01-01
17,NFO,2026-01-01
18,WHU,2026-01-01
19,BUR,2026-01-01
20,WOL,2026-01-01
1,ARS,2026-01-02
2,MNC,2026-01-02
3,AVL,2026-01-02
4,LIV,2026-01-02
5,CHE,2026-01-02
6,MAN,2026-01-02
7,SUN,2026-01-02
8,EVE,2026-01-02
9,BRE,2026-01-02
10,CRY,2026-01-02
11,FUL,2026-01-02
12,TOT,2026-01-02
13,NEW,2026-01-02
14,BHA,2026-01-02
15,BOU,2026-01-02
16,LEE,2026-01-02
17,NFO,2026-01-02
18,WHU,2026-01-02
19,BUR,2026-01-02
20,WOL,2026-01-02
1,ARS,2026-01-03
2,MNC,2026-01-03
3,AVL,2026-01-03
4,LIV,2026-01-03
5,CHE,2026-01-03
6,MAN,2026-01-03
7,SUN,2026-01-03
8,EVE,2026-01-03
9,BRE,2026-01-03
10,CRY,2026-01-03
11,FUL,2026-01-03
12,TOT,2026-01-03
13,NEW,2026-01-03
14,BHA,2026-01-03
15,BOU,2026-01-03
16,LEE,2026-01-03
17,NFO,2026-01-03
18,WHU,2026-01-03
19,BUR,2026-01-03
20,WOL,2026-01-03
1,ARS,2026-01-04
2,AVL,2026-01-04
3,MNC,2026-01-04
4,LIV,2026-01-04
5,CHE,2026-01-04
6,MAN,2026-01-04
7,SUN,2026-01-04
8,BHA,2026-01-04
9,EVE,2026-01-04
10,BRE,2026-01-04
11,CRY,2026-01-04
12,FUL,2026-01-04
13,TOT,2026-01-04
14,NEW,2026-01-04
15,BOU,2026-01-04
16,LEE,2026-01-04
17,NFO,2026-01-04
18,WHU,2026-01-04
19,BUR,2026-01-04
20,WOL,2026-01-04
1,ARS,2026-01-05
2,MNC,2026-01-05
3,AVL,2026-01-05
4,LIV,2026-01-05
5,CHE,2026-01-05
6,MAN,2026-01-05
7,BRE,2026-01-05
8,SUN,2026-01-05
9,NEW,2026-01-05
10,BHA,2026-01-05
11,FUL,2026-01-05
12,EVE,2026-01-05
13,TOT,2026-01-05
14,CRY,2026-01-05
15,BOU,2026-01-05
16,LEE,2026-01-05
17,NFO,2026-01-05
18,WHU,2026-01-05
19,BUR,2026-01-05
20,WOL,2026-01-05
1,ARS,2026-01-06
2,MNC,2026-01-06
3,AVL,2026-01-06
4,LIV,2026-01-06
5,CHE,2026-01-06
6,MAN,2026-01-06
7,BRE,2026-01-06
8,SUN,2026-01-06
9,NEW,2026-01-06
10,BHA,2026-01-06
11,FUL,2026-01-06
12,EVE,2026-01-06
13,TOT,2026-01-06
14,CRY,2026-01-06
15,BOU,2026-01-06
16,LEE,2026-01-06
17,NFO,2026-01-06
18,WHU,2026-01-06
19,BUR,2026-01-06
20,WOL,2026-01-06
1,ARS,2026-01-07
2,MNC,2026-01-07
3,AVL,2026-01-07
4,LIV,2026-01-07
5,CHE,2026-01-07
6,MAN,2026-01-07
7,BRE,2026-01-07
8,SUN,2026-01-07
9,NEW,2026-01-07
10,BHA,2026-01-07
11,FUL,2026-01-07
12,EVE,2026-01-07
13,TOT,2026-01-07
14,CRY,2026-01-07
15,BOU,2026-01-07
16,LEE,2026-01-07
17,NFO,2026-01-07
18,WHU,2026-01-07
19,BUR,2026-01-07
20,WOL,2026-01-07
1,ARS,2026-01-08
2,MNC,2026-01-08
3,AVL,2026-01-08
4,LIV,2026-01-08
5,BRE,2026-01-08
6,NEW,2026-01-08
7,MAN,2026-01-08
8,CHE,2026-01-08
9,FUL,2026-01-08
10,SUN,2026-01-08
11,BHA,2026-01-08
12,EVE,2026-01-08
13,CRY,2026-01-08
14,TOT,2026-01-08
15,BOU,2026-01-08
16,LEE,2026-01-08
17,NFO,2026-01-08
18,WHU,2026-01-08
19,BUR,2026-01-08
20,WOL,2026-01-08
1,ARS,2026-01-09
2,MNC,2026-01-09
3,AVL,2026-01-09
4,LIV,2026-01-09
5,BRE,2026-01-09
6,NEW,2026-01-09
7,MAN,2026-01-09
8,CHE,2026-01-09
9,FUL,2026-01-09
10,SUN,2026-01-09
11,BHA,2026-01-09
12,EVE,2026-01-09
13,CRY,2026-01-09
14,TOT,2026-01-09
15,BOU,2026-01-09
16,LEE,2026-01-09
17,NFO,2026-01-09
18,WHU,2026-01-09
19,BUR,2026-01-09
20,WOL,2026-01-09
1,ARS,2026-01-10
2,MNC,2026-01-10
3,AVL,2026-01-10
4,LIV,2026-01-10
5,BRE,2026-01-10
6,NEW,2026-01-10
7,MAN,2026-01-10
8,CHE,2026-01-10
9,FUL,2026-01-10
10,SUN,2026-01-10
11,BHA,2026-01-10
12,EVE,2026-01-10
13,CRY,2026-01-10
14,TOT,2026-01-10
15,BOU,2026-01-10
16,LEE,2026-01-10
17,NFO,2026-01-10
18,WHU,2026-01-10
19,BUR,2026-01-10
20,WOL,2026-01-10
1,ARS,2026-01-11
2,MNC,2026-01-11
3,AVL,2026-01-11
4,LIV,2026-01-11
5,BRE,2026-01-11
6,NEW,2026-01-11
7,MAN,2026-01-11
8,CHE,2026-01-11
9,FUL,2026-01-11
10,SUN,2026-01-11
11,BHA,2026-01-11
12,EVE,2026-01-11
13,CRY,2026-01-11
14,TOT,2026-01-11
15,BOU,2026-01-11
16,LEE,2026-01-11
17,NFO,2026-01-11
18,WHU,2026-01-11
19,BUR,2026-01-11
20,WOL,2026-01-11
1,ARS,2026-01-12
2,MNC,2026-01-12
3,AVL,2026-01-12
4,LIV,2026-01-12
5,BRE,2026-01-12
6,NEW,2026-01-12
7,MAN,2026-01-12
8,CHE,2026-01-12
9,FUL,2026-01-12
10,SUN,2026-01-12
11,BHA,2026-01-12
12,EVE,2026-01-12
13,CRY,2026-01-12
14,TOT,2026-01-12
15,BOU,2026-01-12
16,LEE,2026-01-12
17,NFO,2026-01-12
18,WHU,2026-01-12
19,BUR,2026-01-12
20,WOL,2026-01-12
1,ARS,2026-01-13
2,MNC,2026-01-13
3,AVL,2026-01-13
4,LIV,2026-01-13
5,BRE,2026-01-13
6,NEW,2026-01-13
7,MAN,2026-01-13
8,CHE,2026-01-13
9,FUL,2026-01-13
10,SUN,2026-01-13
11,BHA,2026-01-13
12,EVE,2026-01-13
13,CRY,2026-01-13
14,TOT,2026-01-13
15,BOU,2026-01-13
16,LEE,2026-01-13
17,NFO,2026-01-13
18,WHU,2026-01-13
19,BUR,2026-01-13
20,WOL,2026-01-13
1,ARS,2026-01-14
2,MNC,2026-01-14
3,AVL,2026-01-14
4,LIV,2026-01-14
5,BRE,2026-01-14
6,NEW,2026-01-14
7,MAN,2026-01-14
8,CHE,2026-01-14
9,FUL,2026-01-14
10,SUN,2026-01-14
11,BHA,2026-01-14
12,EVE,2026-01-14
13,CRY,2026-01-14
14,TOT,2026-01-14
15,BOU,2026-01-14
16,LEE,2026-01-14
17,NFO,2026-01-14
18,WHU,2026-01-14
19,BUR,2026-01-14
20,WOL,2026-01-14
1,ARS,2026-01-15
2,MNC,2026-01-15
3,AVL,2026-01-15
4,LIV,2026-01-15
5,BRE,2026-01-15
6,NEW,2026-01-15
7,MAN,2026-01-15
8,CHE,2026-01-15
9,FUL,2026-01-15
10,SUN,2026-01-15
11,BHA,2026-01-15
12,EVE,2026-01-15
13,CRY,2026-01-15
14,TOT,2026-01-15
15,BOU,2026-01-15
16,LEE,2026-01-15
17,NFO,2026-01-15
18,WHU,2026-01-15
19,BUR,2026-01-15
20,WOL,2026-01-15
1,ARS,2026-01-16
2,MNC,2026-01-16
3,AVL,2026-01-16
4,LIV,2026-01-16
5,BRE,2026-01-16
6,NEW,2026-01-16
7,MAN,2026-01-16
8,CHE,2026-01-16
9,FUL,2026-01-16
10,SUN,2026-01-16
11,BHA,2026-01-16
12,EVE,2026-01-16
13,CRY,2026-01-16
14,TOT,2026-01-16
15,BOU,2026-01-16
16,LEE,2026-01-16
17,NFO,2026-01-16
18,WHU,2026-01-16
19,BUR,2026-01-16
20,WOL,2026-01-16
1,ARS,2026-01-17
2,MNC,2026-01-17
3,AVL,2026-01-17
4,LIV,2026-01-17
5,BRE,2026-01-17
6,NEW,2026-01-17
7,MAN,2026-01-17
8,CHE,2026-01-17
9,FUL,2026-01-17
10,SUN,2026-01-17
11,BHA,2026-01-17
12,EVE,2026-01-17
13,CRY,2026-01-17
14,TOT,2026-01-17
15,BOU,2026-01-17
16,LEE,2026-01-17
17,NFO,2026-01-17
18,WHU,2026-01-17
19,BUR,2026-01-17
20,WOL,2026-01-17
1,ARS,2026-01-18
2,MNC,2026-01-18
3,AVL,2026-01-18
4,LIV,2026-01-18
5,MAN,2026-01-18
6,CHE,2026-01-18
7,BRE,2026-01-18
8,SUN,2026-01-18
9,NEW,2026-01-18
10,FUL,2026-01-18
11,BHA,2026-01-18
12,EVE,2026-01-18
13,CRY,2026-01-18
14,TOT,2026-01-18
15,BOU,2026-01-18
16,LEE,2026-01-18
17,NFO,2026-01-18
18,WHU,2026-01-18
19,BUR,2026-01-18
20,WOL,2026-01-18
1,ARS,2026-01-19
2,MNC,2026-01-19
3,AVL,2026-01-19
4,LIV,2026-01-19
5,MAN,2026-01-19
6,CHE,2026-01-19
7,BRE,2026-01-19
8,NEW,2026-01-19
9,SUN,2026-01-19
10,EVE,2026-01-19
11,FUL,2026-01-19
12,BHA,2026-01-19
13,CRY,2026-01-19
14,TOT,2026-01-19
15,BOU,2026-01-19
16,LEE,2026-01-19
17,NFO,2026-01-19
18,WHU,2026-01-19
19,BUR,2026-01-19
20,WOL,2026-01-19
1,ARS,2026-01-20
2,MNC,2026-01-20
3,AVL,2026-01-20
4,LIV,2026-01-20
5,MAN,2026-01-20
6,CHE,2026-01-20
7,BRE,2026-01-20
8,NEW,2026-01-20
9,SUN,2026-01-20
10,EVE,2026-01-20
11,FUL,2026-01-20
12,BHA,2026-01-20
13,CRY,2026-01-20
14,TOT,2026-01-20
15,BOU,2026-01-20
16,LEE,2026-01-20
17,NFO,2026-01-20
18,WHU,2026-01-20
19,BUR,2026-01-20
20,WOL,2026-01-20
1,ARS,2026-01-21
2,MNC,2026-01-21
3,AVL,2026-01-21
4,LIV,2026-01-21
5,MAN,2026-01-21
6,CHE,2026-01-21
7,BRE,2026-01-21
8,NEW,2026-01-21
9,SUN,2026-01-21
10,EVE,2026-01-21
11,FUL,2026-01-21
12,BHA,2026-01-21
13,CRY,2026-01-21
14,TOT,2026-01-21
15,BOU,2026-01-21
16,LEE,2026-01-21
17,NFO,2026-01-21
18,WHU,2026-01-21
19,BUR,2026-01-21
20,WOL,2026-01-21
1,ARS,2026-01-22
2,MNC,2026-01-22
3,AVL,2026-01-22
4,LIV,2026-01-22
5,MAN,2026-01-22
6,CHE,2026-01-22
7,BRE,2026-01-22
8,NEW,2026-01-22
9,SUN,2026-01-22
10,EVE,2026-01-22
11,FUL,2026-01-22
12,BHA,2026-01-22
13,CRY,2026-01-22
14,TOT,2026-01-22
15,BOU,2026-01-22
16,LEE,2026-01-22
17,NFO,2026-01-22
18,WHU,2026-01-22
19,BUR,2026-01-22
20,WOL,2026-01-22
1,ARS,2026-01-23
2,MNC,2026-01-23
3,AVL,2026-01-23
4,LIV,2026-01-23
5,MAN,2026-01-23
6,CHE,2026-01-23
7,BRE,2026-01-23
8,NEW,2026-01-23
9,SUN,2026-01-23
10,EVE,2026-01-23
11,FUL,2026-01-23
12,BHA,2026-01-23
13,CRY,2026-01-23
14,TOT,2026-01-23
15,BOU,2026-01-23
16,LEE,2026-01-23
17,NFO,2026-01-23
18,WHU,2026-01-23
19,BUR,2026-01-23
20,WOL,2026-01-23
1,ARS,2026-01-24
2,MNC,2026-01-24
3,AVL,2026-01-24
4,LIV,2026-01-24
5,MAN,2026-01-24
6,CHE,2026-01-24
7,BRE,2026-01-24
8,NEW,2026-01-24
9,SUN,2026-01-24
10,EVE,2026-01-24
11,FUL,2026-01-24
12,BHA,2026-01-24
13,CRY,2026-01-24
14,TOT,2026-01-24
15,BOU,2026-01-24
16,LEE,2026-01-24
17,NFO,2026-01-24
18,WHU,2026-01-24
19,BUR,2026-01-24
20,WOL,2026-01-24
1,ARS,2026-01-25
2,MNC,2026-01-25
3,AVL,2026-01-25
4,LIV,2026-01-25
5,MAN,2026-01-25
6,CHE,2026-01-25
7,FUL,2026-01-25
8,BRE,2026-01-25
9,NEW,2026-01-25
10,SUN,2026-01-25
11,EVE,2026-01-25
12,BHA,2026-01-25
13,BOU,2026-01-25
14,TOT,2026-01-25
15,CRY,2026-01-25
16,LEE,2026-01-25
17,NFO,2026-01-25
18,WHU,2026-01-25
19,BUR,2026-01-25
20,WOL,2026-01-25
1,ARS,2026-01-26
2,MNC,2026-01-26
3,AVL,2026-01-26
4,MAN,2026-01-26
5,CHE,2026-01-26
6,LIV,2026-01-26
7,FUL,2026-01-26
8,BRE,2026-01-26
9,NEW,2026-01-26
10,SUN,2026-01-26
11,EVE,2026-01-26
12,BHA,2026-01-26
13,BOU,2026-01-26
14,TOT,2026-01-26
15,CRY,2026-01-26
16,LEE,2026-01-26
17,NFO,2026-01-26
18,WHU,2026-01-26
19,BUR,2026-01-26
20,WOL,2026-01-26
1,ARS,2026-01-27
2,MNC,2026-01-27
3,AVL,2026-01-27
4,MAN,2026-01-27
5,CHE,2026-01-27
6,LIV,2026-01-27
7,FUL,2026-01-27
8,BRE,2026-01-27
9,NEW,2026-01-27
10,EVE,2026-01-27
11,SUN,2026-01-27
12,BHA,2026-01-27
13,BOU,2026-01-27
14,TOT,2026-01-27
15,CRY,2026-01-27
16,LEE,2026-01-27
17,NFO,2026-01-27
18,WHU,2026-01-27
19,BUR,2026-01-27
20,WOL,2026-01-27
1,ARS,2026-01-28
2,MNC,2026-01-28
3,AVL,2026-01-28
4,MAN,2026-01-28
5,CHE,2026-01-28
6,LIV,2026-01-28
7,FUL,2026-01-28
8,BRE,2026-01-28
9,NEW,2026-01-28
10,EVE,2026-01-28
11,SUN,2026-01-28
12,BHA,2026-01-28
13,BOU,2026-01-28
14,TOT,2026-01-28
15,CRY,2026-01-28
16,LEE,2026-01-28
17,NFO,2026-01-28
18,WHU,2026-01-28
19,BUR,2026-01-28
20,WOL,2026-01-28
